,p,s,n,c,perturbation,run,mse,shd,precision,recall
0,10,0.3,10000,2,0.1,0,2.0071682400320026e-05,0.0,1.0,1.0
1,10,0.3,10000,2,0.1,1,1.5132569177764443e-05,0.0,1.0,1.0
2,10,0.3,10000,2,0.1,2,1.0270264558354097e-05,0.0,1.0,1.0
